{"/*/*[3]/*[7]/*[1]": [[[[480.11311, 231.05444], [480, 231], [480.11311, 231.05444]], [[0.0, 231.05444], [0, 231], [0.0, 231.05444]], [[0.0, 230.05421], [0, 230], [0.0, 230.05421]], [[480.11311, 230.05421], [480, 230], [480.11311, 230.05421]], [[480.11311, 231.05444], [480, 231], [480.11311, 231.05444]]]], "/*/*[3]/*[7]/*[2]": [[[[640.15082, 186.04383], [640, 186], [640.15082, 186.04383]], [[70.016496, 186.04383], [70, 186], [70.016496, 186.04383]], [[70.016496, 185.0436], [70, 185], [70.016496, 185.0436]], [[640.15082, 185.0436], [640, 185], [640.15082, 185.0436]], [[640.15082, 186.04383], [640, 186], [640.15082, 186.04383]]]], "/*/*[3]/*[7]/*[3]": [[[[520.12254, 96.022617], [520, 96], [520.12254, 96.022617]], [[0.0, 96.022617], [0, 96], [0.0, 96.022617]], [[0.0, 95.022387], [0, 95], [0.0, 95.022387]], [[520.12254, 95.022387], [520, 95], [520.12254, 95.022387]], [[520.12254, 96.022617], [520, 96], [520.12254, 96.022617]]]], "/*/*[3]/*[7]/*[4]": [[[[71.016716, 140.03299], [71, 140], [71.016716, 140.03299]], [[71.016716, 185.04359], [71, 185], [71.016716, 185.04359]], [[70.016496, 185.04359], [70, 185], [70.016496, 185.04359]], [[70.016496, 140.03298999999998], [70, 140], [70.016496, 140.03298999999998]], [[71.016716, 140.03299], [71, 140], [71.016716, 140.03299]]]], "/*/*[3]/*[7]/*[5]": [[[[161.03792, 95.022387], [161, 95], [161.03792, 95.022387]], [[161.03792, 140.03299], [161, 140], [161.03792, 140.03299]], [[160.0377, 140.03299], [160, 140], [160.0377, 140.03299]], [[160.0377, 95.022387], [160, 95], [160.0377, 95.022387]], [[161.03792, 95.022387], [161, 95], [161.03792, 95.022387]]]], "/*/*[3]/*[7]/*[6]": [[[[251.05913, 140.03299], [251, 140], [251.05913, 140.03299]], [[251.05913, 185.04359], [251, 185], [251.05913, 185.04359]], [[250.05891, 185.04359], [250, 185], [250.05891, 185.04359]], [[250.05891, 140.03298999999998], [250, 140], [250.05891, 140.03298999999998]], [[251.05913, 140.03299], [251, 140], [251.05913, 140.03299]]]], "/*/*[3]/*[7]/*[7]": [[[[341.08034, 95.022387], [341, 95], [341.08034, 95.022387]], [[341.08034, 140.03298999999998], [341, 140], [341.08034, 140.03298999999998]], [[340.08011999999997, 140.03298999999998], [340, 140], [340.08011999999997, 140.03298999999998]], [[340.08011999999997, 95.022387], [340, 95], [340.08011999999997, 95.022387]], [[341.08034, 95.022387], [341, 95], [341.08034, 95.022387]]]], "/*/*[3]/*[7]/*[8]": [[[[431.10155, 140.03299], [431, 140], [431.10155, 140.03299]], [[431.10155, 185.04359], [431, 185], [431.10155, 185.04359]], [[430.10132999999996, 185.04359], [430, 185], [430.10132999999996, 185.04359]], [[430.10132999999996, 140.03298999999998], [430, 140], [430.10132999999996, 140.03298999999998]], [[431.10155, 140.03299], [431, 140], [431.10155, 140.03299]]]], "/*/*[3]/*[7]/*[9]": [[[[521.12276, 95.022387], [521, 95], [521.12276, 95.022387]], [[521.12276, 140.03298999999998], [521, 140], [521.12276, 140.03298999999998]], [[520.12254, 140.03298999999998], [520, 140], [520.12254, 140.03298999999998]], [[520.12254, 95.022387], [520, 95], [520.12254, 95.022387]], [[521.12276, 95.022387], [521, 95], [521.12276, 95.022387]]]]}